<?xml version="1.0" encoding="utf-8" standalone="no" ?>
<GUI onOpen="onOpen" onClose="onClose" onCreate="onCreate">
  <GuiElement type="empty" profile="newLayer" />
  <GuiElement type="bitmap" profile="dialogFullscreenBg"/>
  <GuiElement type="bitmap" profile="bgVignette"/>
  <GuiElement type="bitmap" profile="bgGlowDialog" id="dialogElement" size="1600px 900px"/>

  <GuiElement type="empty" profile="ingameMenuCenterBox" id="settingsContainer">
    <GuiElement type="bitmap" profile="topScrollClipper" name="topClipper" />
    <GuiElement type="bitmap" profile="bottomScrollClipper" name="bottomClipper" />

    <!-- Title -->
    <GuiElement type="bitmap" profile="dialogHeaderDocked">
      <GuiElement type="text" profile="dialogHeaderText" textAutoSize="true" id="guiTitle"/>
    </GuiElement>

    <GuiElement type="scrollingLayout" profile="ingameMenuSettingsLayout">

      <!-- Header -->
      <GuiElement type="text" profile="dialogHeaderText"/>
      <GuiElement type="text" profile="dialogHeaderText" id="guiHeader"/>
      <GuiElement type="text" profile="dialogHeaderText"/>
      <GuiElement type="text" profile="dialogHeaderText"/>

      <!-- Time to update -->
      <GuiElement type="empty" profile="ingameMenuGameSettingsTextInputWrapper">
        <GuiElement type="textInput" profile="ingameMenuGameSettingsTextInput" id="option0Value" imeKeyboardType="normal" maxCharacters="3" onTextChanged="onTextChangedTime" />
        <GuiElement type="text"      profile="multiTextOptionSettingsTitle"    id="option0Title"/>
        <GuiElement type="text"      profile="multiTextOptionSettingsTooltip"  id="option0Tooltip"/>
      </GuiElement>

      <!-- spacer -->
      <GuiElement type="text" profile="dialogHeaderText"/>

      <!-- doRepair -->
      <GuiElement type="multiTextOption" profile="multiTextOptionSettings" id="option1Value">
        <GuiElement type="button" profile="multiTextOptionSettingsLeft"/>
        <GuiElement type="button" profile="multiTextOptionSettingsRight"/>
        <GuiElement type="text"   profile="multiTextOptionSettingsText"/>
        <GuiElement type="text"   profile="multiTextOptionSettingsTitle" id="option1Title"/>
        <GuiElement type="bitmap" profile="multiTextOptionSettingsBg"/>
        <GuiElement type="text"   profile="multiTextOptionSettingsTooltip" id="option1Tooltip"/>
      </GuiElement>

      <!-- Repair threshold -->
      <GuiElement type="empty" profile="ingameMenuGameSettingsTextInputWrapper">
        <GuiElement type="textInput" profile="ingameMenuGameSettingsTextInput" id="option1bValue" imeKeyboardType="normal" maxCharacters="3" onTextChanged="onTextChangedDmg" />
        <GuiElement type="text"      profile="multiTextOptionSettingsTitle"    id="option1bTitle"/>
        <GuiElement type="text"      profile="multiTextOptionSettingsTooltip"  id="option1bTooltip"/>
      </GuiElement>

      <!-- spacer -->
      <GuiElement type="text" profile="dialogHeaderText"/>

      <!-- doRepaint -->
      <GuiElement type="multiTextOption" profile="multiTextOptionSettings" id="option2Value">
        <GuiElement type="button" profile="multiTextOptionSettingsLeft"/>
        <GuiElement type="button" profile="multiTextOptionSettingsRight"/>
        <GuiElement type="text"   profile="multiTextOptionSettingsText"/>
        <GuiElement type="text"   profile="multiTextOptionSettingsTitle" id="option2Title"/>
        <GuiElement type="bitmap" profile="multiTextOptionSettingsBg"/>
        <GuiElement type="text"   profile="multiTextOptionSettingsTooltip" id="option2Tooltip"/>
      </GuiElement>

      <!-- Repaint threshold -->
      <GuiElement type="empty" profile="ingameMenuGameSettingsTextInputWrapper">
        <GuiElement type="textInput" profile="ingameMenuGameSettingsTextInput" id="option2bValue" imeKeyboardType="normal" maxCharacters="3" onTextChanged="onTextChangedWear" />
        <GuiElement type="text"      profile="multiTextOptionSettingsTitle"    id="option2bTitle"/>
        <GuiElement type="text"      profile="multiTextOptionSettingsTooltip"  id="option2bTooltip"/>
      </GuiElement>

      <!-- spacer -->
      <GuiElement type="text" profile="dialogHeaderText"/>

      <!-- doWash -->
      <GuiElement type="multiTextOption" profile="multiTextOptionSettings" id="option3Value">
        <GuiElement type="button" profile="multiTextOptionSettingsLeft"/>
        <GuiElement type="button" profile="multiTextOptionSettingsRight"/>
        <GuiElement type="text"   profile="multiTextOptionSettingsText"/>
        <GuiElement type="text"   profile="multiTextOptionSettingsTitle" id="option3Title"/>
        <GuiElement type="bitmap" profile="multiTextOptionSettingsBg"/>
        <GuiElement type="text"   profile="multiTextOptionSettingsTooltip" id="option3Tooltip"/>
      </GuiElement>

      <!-- Dirt threshold -->
      <GuiElement type="empty" profile="ingameMenuGameSettingsTextInputWrapper">
        <GuiElement type="textInput" profile="ingameMenuGameSettingsTextInput" id="option3bValue" imeKeyboardType="normal" maxCharacters="3" onTextChanged="onTextChangedDirt" />
        <GuiElement type="text"      profile="multiTextOptionSettingsTitle"    id="option3bTitle"/>
        <GuiElement type="text"      profile="multiTextOptionSettingsTooltip"  id="option3bTooltip"/>
      </GuiElement>
       
    </GuiElement>

    <!-- Footer -->
    <GuiElement type="flowLayout" profile="buttonBoxDialog" size="1400px 50px">
      <GuiElement type="button" profile="buttonOK" id="okButton" text="$l10n_button_ok" onClick="onClickOk"/>
      <GuiElement type="button" profile="buttonBack" id="backButton" text="$l10n_button_back" onClick="onClickBack"/>
    </GuiElement>
    
  </GuiElement>
</GUI>
