<?xml version="1.0" encoding="utf-8" standalone="no" ?>
<modDesc descVersion="63">
    <author>Bobster82</author>
	<title>
		<en>AutoRepair</en>
    </title>
	<description>
		<en>
		<![CDATA[ AutoRepair keeps your vehicle healty.

		+ Repairs your vehicle automaticly when it has more than 5% damage.
		+ Option to repaint your vehicle when repairing.
		+ Option to clean your vehicle when repairing.

		## How to use:
		* When you place this mod in your fs22 mods folder, only auto repair is on by default.
		* Press Left Alt + r key to acces the menu.
			    * activate/deactivate the mod
				* activate/deactivate repaint
				* activate/deactivate cleaning

		This mod is made by me from scratch.

		If you have any issues with the mod or anything related, please contact me on:
		https://github.com/Bobster82/FS22_AutoRepair ]]>
		</en>
	</description>
    <version>2.0.0.3</version>
	<multiplayer supported="true"/>
	<iconFilename>store.dds</iconFilename>

	<actions>
    	<action name="AR_openMenu" axisType="HALF" />
  	</actions>

  	<inputBinding>
		<actionBinding action="AR_openMenu">
			<binding device="KB_MOUSE_DEFAULT" input="KEY_lalt KEY_r"/>
		</actionBinding>
  	</inputBinding>

  	<l10n>
		<text name="input_AR_openMenu">
			<en>AutoRepair: Open the settings menu</en>
		</text>
  	</l10n>
	
    <extraSourceFiles>
        <sourceFile filename="AutoRepair.lua"/>
    </extraSourceFiles>	

</modDesc>
