<?xml version="1.0" encoding="utf-8" standalone="no" ?>
<GUI onOpen="onOpen" onClose="onClose" onCreate="onCreate">
  <GuiElement type="empty" profile="newLayer" />
  <GuiElement type="bitmap" profile="dialogFullscreenBg"/>
  <GuiElement type="bitmap" profile="bgVignette"/>
  <GuiElement type="bitmap" profile="bgGlowDialog" id="dialogElement" size="1600px 900px"/>

  <GuiElement type="empty" profile="ingameMenuCenterBox" id="settingsContainer">
    <GuiElement type="bitmap" profile="topScrollClipper" name="topClipper" />
    <GuiElement type="bitmap" profile="bottomScrollClipper" name="bottomClipper" />

    <!-- Title -->
    <GuiElement type="bitmap" profile="dialogHeaderDocked">
      <GuiElement type="text" profile="dialogHeaderText" textAutoSize="true" id="guiTitle"/>
    </GuiElement>

    <GuiElement type="scrollingLayout" profile="ingameMenuSettingsLayout">

      <!-- Header -->
      <GuiElement type="text" profile="dialogHeaderText"/>
      <GuiElement type="text" profile="dialogHeaderText" id="guiHeader"/>
      <GuiElement type="text" profile="dialogHeaderText"/>
      <GuiElement type="text" profile="dialogHeaderText"/>

      <!-- Mod isActive -->
      <GuiElement type="multiTextOption" profile="multiTextOptionSettings" id="option1Value">
        <GuiElement type="button" profile="multiTextOptionSettingsLeft"/>
        <GuiElement type="button" profile="multiTextOptionSettingsRight"/>
        <GuiElement type="text"   profile="multiTextOptionSettingsText"/>
        <GuiElement type="text"   profile="multiTextOptionSettingsTitle" id="option1Title"/>
        <GuiElement type="bitmap" profile="multiTextOptionSettingsBg"/>
      </GuiElement>

      <!-- Repaint -->
      <GuiElement type="multiTextOption" profile="multiTextOptionSettings" id="option2Value">
        <GuiElement type="button" profile="multiTextOptionSettingsLeft"/>
        <GuiElement type="button" profile="multiTextOptionSettingsRight"/>
        <GuiElement type="text"   profile="multiTextOptionSettingsText"/>
        <GuiElement type="text"   profile="multiTextOptionSettingsTitle" id="option2Title"/>
        <GuiElement type="bitmap" profile="multiTextOptionSettingsBg"/>
      </GuiElement>

      <!-- Clean -->
      <GuiElement type="multiTextOption" profile="multiTextOptionSettings" id="option3Value">
        <GuiElement type="button" profile="multiTextOptionSettingsLeft"/>
        <GuiElement type="button" profile="multiTextOptionSettingsRight"/>
        <GuiElement type="text"   profile="multiTextOptionSettingsText"/>
        <GuiElement type="text"   profile="multiTextOptionSettingsTitle" id="option3Title"/>
        <GuiElement type="bitmap" profile="multiTextOptionSettingsBg"/>
      </GuiElement> 
       
    </GuiElement>

    <!-- Footer -->
    <GuiElement type="flowLayout" profile="buttonBoxDialog" size="1400px 50px">
      <GuiElement type="button" profile="buttonOK" id="okButton" text="$l10n_button_ok" onClick="onClickOk"/>
      <GuiElement type="button" profile="buttonBack" id="backButton" text="$l10n_button_back" onClick="onClickBack"/>
    </GuiElement>
    
  </GuiElement>
</GUI>
