<?xml version="1.0" encoding="utf-8" standalone="no" ?>
<GUI onOpen="onOpen" onClose="onClose" onCreate="onCreate">
  <GuiElement type="empty" profile="newLayer" />
  <GuiElement type="bitmap" profile="dialogFullscreenBg"/>
  <GuiElement type="bitmap" profile="bgVignette"/>
  <GuiElement type="bitmap" profile="bgGlowDialog" id="dialogElement" size="1600px 900px"/>

  <GuiElement type="empty" profile="ingameMenuCenterBox" id="settingsContainer">
    <GuiElement type="bitmap" profile="topScrollClipper" name="topClipper" />
    <GuiElement type="bitmap" profile="bottomScrollClipper" name="bottomClipper" />

    <!-- Title -->
    <GuiElement type="bitmap" profile="dialogHeaderDocked">
      <GuiElement type="text" profile="dialogHeaderText" textAutoSize="true" id="guiTitle"/>
    </GuiElement>

    <GuiElement type="scrollingLayout" profile="ingameMenuSettingsLayout">

      <!-- useGlobal -->
      <GuiElement type="multiTextOption" profile="multiTextOptionSettings" id="useGlobalValue" margin="0px 10px 0px 0px" onClick="onUseGlobalValueChanged">
        <GuiElement type="button" profile="multiTextOptionSettingsLeft"/>
        <GuiElement type="button" profile="multiTextOptionSettingsRight"/>
        <GuiElement type="text"   profile="multiTextOptionSettingsText"/>
        <GuiElement type="text"   profile="multiTextOptionSettingsTitle" id="useGlobalTitle"/>
        <GuiElement type="bitmap" profile="multiTextOptionSettingsBg"/>
        <GuiElement type="text"   profile="multiTextOptionSettingsTooltip" id="useGlobalTooltip"/>
      </GuiElement>

      <!-- useByFarmValue -->
      <GuiElement type="multiTextOption" profile="multiTextOptionSettings" id="useByFarmValue" margin="0px 10px 0px 0px" onClick="onUseByFarmValueChanged">
        <GuiElement type="button" profile="multiTextOptionSettingsLeft"/>
        <GuiElement type="button" profile="multiTextOptionSettingsRight"/>
        <GuiElement type="text"   profile="multiTextOptionSettingsText"/>
        <GuiElement type="text"   profile="multiTextOptionSettingsTitle" id="useByFarmTitle"/>
        <GuiElement type="bitmap" profile="multiTextOptionSettingsBg"/>
        <GuiElement type="text"   profile="multiTextOptionSettingsTooltip" id="useByFarmTooltip"/>
      </GuiElement>

      <!-- Time to update -->
      <GuiElement type="empty" profile="ingameMenuGameSettingsTextInputWrapper" margin="0px 30px 0px 0px">
        <GuiElement type="textInput" profile="ingameMenuGameSettingsTextInput" id="option0Value" imeKeyboardType="normal" maxCharacters="3" onTextChanged="onTextChangedTime" />
        <GuiElement type="text"      profile="multiTextOptionSettingsTitle"    id="option0Title"/>
        <GuiElement type="text"      profile="multiTextOptionSettingsTooltip"  id="option0Tooltip"/>
      </GuiElement>

      <!-- doRepair -->
      <GuiElement type="multiTextOption" profile="multiTextOptionSettings" id="option1Value" margin="0px 30px 0px 0px" onClick="onValueChangedDmg">
        <GuiElement type="button" profile="multiTextOptionSettingsLeft"/>
        <GuiElement type="button" profile="multiTextOptionSettingsRight"/>
        <GuiElement type="text"   profile="multiTextOptionSettingsText"/>
        <GuiElement type="text"   profile="multiTextOptionSettingsTitle" id="option1Title"/>
        <GuiElement type="bitmap" profile="multiTextOptionSettingsBg"/>
        <GuiElement type="text"   profile="multiTextOptionSettingsTooltip" id="option1Tooltip"/>
      </GuiElement>

      <!-- Repair threshold -->
      <GuiElement type="empty" profile="ingameMenuGameSettingsTextInputWrapper" margin="0px 10px 0px 0px">
        <GuiElement type="textInput" profile="ingameMenuGameSettingsTextInput" id="option1bValue" imeKeyboardType="normal" maxCharacters="3" onTextChanged="onTextChangedDmg" />
        <GuiElement type="text"      profile="multiTextOptionSettingsTitle"    id="option1bTitle"/>
        <GuiElement type="text"      profile="multiTextOptionSettingsTooltip"  id="option1bTooltip"/>
      </GuiElement>

      <!-- doRepaint -->
      <GuiElement type="multiTextOption" profile="multiTextOptionSettings" id="option2Value" margin="0px 30px 0px 0px" onClick="onValueChangedWear">
        <GuiElement type="button" profile="multiTextOptionSettingsLeft"/>
        <GuiElement type="button" profile="multiTextOptionSettingsRight"/>
        <GuiElement type="text"   profile="multiTextOptionSettingsText"/>
        <GuiElement type="text"   profile="multiTextOptionSettingsTitle" id="option2Title"/>
        <GuiElement type="bitmap" profile="multiTextOptionSettingsBg"/>
        <GuiElement type="text"   profile="multiTextOptionSettingsTooltip" id="option2Tooltip"/>
      </GuiElement>

      <!-- Repaint threshold -->
      <GuiElement type="empty" profile="ingameMenuGameSettingsTextInputWrapper" margin="0px 10px 0px 0px">
        <GuiElement type="textInput" profile="ingameMenuGameSettingsTextInput" id="option2bValue" imeKeyboardType="normal" maxCharacters="3" onTextChanged="onTextChangedWear" />
        <GuiElement type="text"      profile="multiTextOptionSettingsTitle"    id="option2bTitle"/>
        <GuiElement type="text"      profile="multiTextOptionSettingsTooltip"  id="option2bTooltip"/>
      </GuiElement>

      <!-- doWash -->
      <GuiElement type="multiTextOption" profile="multiTextOptionSettings" id="option3Value" margin="0px 30px 0px 0px" onClick="onValueChangedDirt">
        <GuiElement type="button" profile="multiTextOptionSettingsLeft"/>
        <GuiElement type="button" profile="multiTextOptionSettingsRight"/>
        <GuiElement type="text"   profile="multiTextOptionSettingsText"/>
        <GuiElement type="text"   profile="multiTextOptionSettingsTitle" id="option3Title"/>
        <GuiElement type="bitmap" profile="multiTextOptionSettingsBg"/>
        <GuiElement type="text"   profile="multiTextOptionSettingsTooltip" id="option3Tooltip"/>
      </GuiElement>

      <!-- Dirt threshold -->
      <GuiElement type="empty" profile="ingameMenuGameSettingsTextInputWrapper" margin="0px 10px 0px 10px">
        <GuiElement type="textInput" profile="ingameMenuGameSettingsTextInput" id="option3bValue" imeKeyboardType="normal" maxCharacters="3" onTextChanged="onTextChangedDirt" />
        <GuiElement type="text"      profile="multiTextOptionSettingsTitle"    id="option3bTitle"/>
        <GuiElement type="text"      profile="multiTextOptionSettingsTooltip"  id="option3bTooltip"/>
      </GuiElement>
       
    </GuiElement>

    <!-- Footer -->
    <GuiElement type="flowLayout" profile="buttonBoxDialog" size="1400px 50px">
      <GuiElement type="button" profile="buttonOK" id="okButton" text="$l10n_button_ok" onClick="onClickOk"/>
    </GuiElement>
    
  </GuiElement>
</GUI>
